Date,portfolio_return
2016-01-04,-0.012069852007520124
2016-01-05,-0.0026536311140880828
2016-01-06,-0.015248039275613322
2016-01-07,-0.03398470353117683
2016-01-08,-0.008681691762383691
2016-01-11,0.00012037136680074318
2016-01-12,0.011509166092878564
2016-01-13,-0.017444256378787423
2016-01-14,0.027359655585523387
2016-01-15,-0.02620803735395099
2016-01-19,-0.007293276767457026
2016-01-20,-0.01596018573510566
2016-01-21,-0.0008498930361718754
2016-01-22,0.03753126302878072
2016-01-25,-0.021661486666426772
2016-01-26,0.01853133149508676
2016-01-27,-0.026399642116393906
2016-01-28,0.012485184270097975
2016-01-29,0.03491567738347749
2016-02-01,-0.011842810431843629
2016-02-02,-0.026575949713794164
2016-02-03,0.01527562178258576
2016-02-04,0.009770766969002321
2016-02-05,-0.017790651747616622
2016-02-08,-0.0030921559253275703
2016-02-09,-0.0033094340535792383
2016-02-10,-0.005063050282387724
2016-02-11,-0.012113500657802187
2016-02-12,0.029266402361842116
2016-02-16,0.015940966088007807
2016-02-17,0.014407046621797781
2016-02-18,-0.008633213122699879
2016-02-19,-0.002155864351291166
2016-02-22,0.009038030975587679
2016-02-23,-0.027022960865484027
2016-02-24,0.0055528316365908645
2016-02-25,0.010630128705505396
2016-02-26,-0.0019617416279776208
2016-02-29,-0.013011227572061997
2016-03-01,0.034009805901274545
2016-03-02,0.008983180533262775
2016-03-03,-0.001068080624499714
2016-03-04,0.0021999591939194088
2016-03-07,-0.001585135503077987
2016-03-08,-0.009412700651240748
2016-03-09,0.006662160232870937
2016-03-10,-0.0064766304500242485
2016-03-11,0.01065581497801549
2016-03-14,0.0008450822705776721
2016-03-15,0.008519449223095412
2016-03-16,0.005787110935163697
2016-03-17,0.003981426444056363
2016-03-18,0.0024265919616552737
2016-03-21,-0.00011086843657187118
2016-03-22,0.003456458598401908
2016-03-23,-0.004198798981896012
2016-03-24,-0.0012171294926971788
2016-03-28,-0.003870281361731022
2016-03-29,0.010609669300290392
2016-03-30,0.008709778622642779
2016-03-31,-0.005313981606869342
2016-04-01,0.004655375887699816
2016-04-04,0.0015571654130276957
2016-04-05,-0.013364852506410025
2016-04-06,0.01040061788091583
2016-04-07,-0.017776610200228832
2016-04-08,0.00445435312487633
2016-04-11,0.0026348896440027236
2016-04-12,0.01246378534058676
2016-04-13,0.018563716107555646
2016-04-14,0.005156932320805441
2016-04-15,-0.008004843253456882
2016-04-18,0.002142883545669115
2016-04-19,0.003790802723494715
2016-04-20,0.0022530720199744232
2016-04-21,-0.004400558960224553
2016-04-22,-0.015715195046363043
2016-04-25,-0.0018573388665504595
2016-04-26,-0.002827026336439906
2016-04-27,-0.01553757192841198
2016-04-28,-0.016132511617667468
2016-04-29,-0.0035692167687711657
2016-05-02,0.007794565257179663
2016-05-03,-0.007801052272970203
2016-05-04,-0.006633102214237434
2016-05-05,-0.0017254128786775118
2016-05-06,0.0036407961950718944
2016-05-09,-0.0028223696465540763
2016-05-10,0.013733976357326795
2016-05-11,-0.004436135535430978
2016-05-12,-0.0014441709923556627
2016-05-13,-0.006747565113981768
2016-05-16,0.017180645497079178
2016-05-17,-0.005859410602824893
2016-05-18,0.013290490747287376
2016-05-19,-0.0038092386120823557
2016-05-20,0.0036227381364712583
2016-05-23,-0.00036133044788426536
2016-05-24,0.015872594660044804
2016-05-25,0.012316441499750726
2016-05-26,-0.002284940929156304
2016-05-27,0.004030639477373043
2016-05-31,-0.0013725760349775867
2016-06-01,-0.0020176395719282638
2016-06-02,-0.005183116852585081
2016-06-03,-0.007734285103714602
2016-06-06,0.008634260602448643
2016-06-07,0.0038284438162770494
2016-06-08,0.0004341230332069551
2016-06-09,-0.0024920177358363675
2016-06-10,-0.008192731740228467
2016-06-13,-0.010944540331667722
2016-06-14,-0.006431221848252844
2016-06-15,-0.0027165902966248107
2016-06-16,0.008478944901269712
2016-06-17,-0.008181636153287118
2016-06-20,0.0005576131078039118
2016-06-21,0.011087347879662611
2016-06-22,-0.0038589331986211917
2016-06-23,0.012912732098097792
2016-06-24,-0.04200098000139904
2016-06-27,-0.02076809750129333
2016-06-28,0.02319124863546523
2016-06-29,0.018840963374474037
2016-06-30,0.013503040491370761
2016-07-01,-0.0006522577669360655
2016-07-05,-0.011580621405143845
2016-07-06,0.007972828046505866
2016-07-07,-0.0003353301549470899
2016-07-08,0.013018785040491275
2016-07-11,0.0048633169202894014
2016-07-12,0.010574534773861196
2016-07-13,-0.0003526118653749803
2016-07-14,0.009934644681444433
2016-07-15,0.00046973114222268386
2016-07-18,0.0022026405568584717
2016-07-19,-0.0052791075942364065
2016-07-20,0.012004424832882842
2016-07-21,-0.0029746413439639915
2016-07-22,0.0032787180270682365
2016-07-25,-0.008186149533715237
2016-07-26,-0.0024023469605752813
2016-07-27,0.012291168159058216
2016-07-28,0.0005862134450972042
2016-07-29,-0.002226247763236763
2016-08-01,-0.005570217406152807
2016-08-02,-0.0009047434723910256
2016-08-03,0.010057444185598908
2016-08-04,0.0029603429671962805
2016-08-05,0.013121323856873104
2016-08-08,0.004661058632047086
2016-08-09,0.001053683845822332
2016-08-10,-0.00930796980670924
2016-08-11,0.0026251730042685393
2016-08-12,0.0017311940738376093
2016-08-15,0.005174293527833853
2016-08-16,-0.0013423832909219599
2016-08-17,0.0013792801298692361
2016-08-18,0.002340307142687728
2016-08-19,-0.0027545636878910274
2016-08-22,-0.0014212516735953064
2016-08-23,0.0008515997634703477
2016-08-24,-9.477501217209326e-05
2016-08-25,-0.001260663516021871
2016-08-26,-0.0020474736013747353
2016-08-29,0.004389157647221906
2016-08-30,-0.0016988604720158855
2016-08-31,-0.002715970256205684
2016-09-01,0.00010638160752525548
2016-09-02,0.0053820482673679094
2016-09-06,0.002752246895251856
2016-09-07,-0.00022913699479918824
2016-09-08,-0.0050196828933293325
2016-09-09,-0.019618703236203072
2016-09-12,0.012071642001935421
2016-09-13,-0.00442063532231763
2016-09-14,0.005211572642496753
2016-09-15,0.014773664693861217
2016-09-16,-0.007347744655926457
2016-09-19,-0.003527737746527036
2016-09-20,-0.003408859989718291
2016-09-21,0.007818833923673045
2016-09-22,0.005372272086205446
2016-09-23,-0.006682405906226192
2016-09-26,-0.008637411556918554
2016-09-27,0.007771774723944558
2016-09-28,0.014311447657132308
2016-09-29,-0.011916102111516634
2016-09-30,0.008715004523795386
2016-10-03,-0.002917508782670902
2016-10-04,0.00011981650738707855
2016-10-05,0.008074716153609636
2016-10-06,0.003062985856302375
2016-10-07,0.0006516766220254755
2016-10-10,0.01215040231066461
2016-10-11,-0.0063418646964517565
2016-10-12,-0.0005282135278510229
2016-10-13,-0.004677247039175396
2016-10-14,0.0027006432625042475
2016-10-17,-0.002341487473364208
2016-10-18,0.004373119866318752
2016-10-19,0.0022284419694602606
2016-10-20,-0.001562598646811224
2016-10-21,0.008468175621731359
2016-10-24,0.010013118694065829
2016-10-25,0.0004292419277908666
2016-10-26,-0.004907236213348745
2016-10-27,-0.004734465593951316
2016-10-28,-0.009289651748877154
2016-10-31,-0.003987914424102244
2016-11-01,-0.005116992502631146
2016-11-02,-0.002979486716480126
2016-11-03,-0.004087299273476784
2016-11-04,-0.0069301988459581085
2016-11-07,0.02402168069049122
2016-11-08,0.004004343384579711
2016-11-09,0.012329223052791667
2016-11-10,0.00040166317217607203
2016-11-11,-0.0010254116080424362
2016-11-14,-0.0023058317574183845
2016-11-15,0.01218016388834305
2016-11-16,0.0005716149018658622
2016-11-17,0.004498241780874627
2016-11-18,-0.001797172958153128
2016-11-21,0.010482522207631316
2016-11-22,0.003303475532411154
2016-11-23,-0.0025007281997604723
2016-11-25,0.0022724127742406513
2016-11-28,-0.0036570664361190216
2016-11-29,0.001979894941405411
2016-11-30,0.0024329723177181485
2016-12-01,-0.001947909158555567
2016-12-02,-9.611929281034583e-06
2016-12-05,0.00855129047313959
2016-12-06,0.0023101919910352656
2016-12-07,0.010880854660387962
2016-12-08,0.004783132584462322
2016-12-09,0.010952463564198735
2016-12-12,0.002643758000619888
2016-12-13,0.011819176869079205
2016-12-14,-0.006742422302586011
2016-12-15,0.005537965955620096
2016-12-16,-0.0031015389296934633
2016-12-19,0.00602719905808238
2016-12-20,0.003575121500188093
2016-12-21,0.0004549097146895141
2016-12-22,0.00042100065442349276
2016-12-23,-0.0007091894223416343
2016-12-27,0.0020806049050930073
2016-12-28,-0.0052735387795815655
2016-12-29,-0.002052461158856766
2016-12-30,-0.004083309909254263
2017-01-03,0.006922693564008759
2017-01-04,-0.0037060820664838873
2017-01-05,-0.00479858438898527
2017-01-06,0.004817035323574042
2017-01-09,-0.0025020388775652287
2017-01-10,-0.0023123603915342654
2017-01-11,0.008025361866371192
2017-01-12,-0.00713177634882428
2017-01-13,0.0012773074696363115
2017-01-17,-0.005015519545868289
2017-01-18,-0.002086605890087553
2017-01-19,-0.0076847144556696665
2017-01-20,0.006725634509262513
2017-01-23,-0.0015310983433305704
2017-01-24,0.00533584505909799
2017-01-25,0.009147165608424164
2017-01-26,0.005272876922416526
2017-01-27,0.006081419988153048
2017-01-30,-0.007648996118027263
2017-01-31,-0.009401336175330496
2017-02-01,0.008722360737853768
2017-02-02,-0.0015741240707076443
2017-02-03,0.01088712971805647
2017-02-06,0.0003076866689052665
2017-02-07,-0.00022811427015567058
2017-02-08,-0.003239469458889175
2017-02-09,0.009308517962860002
2017-02-10,0.000693441202165856
2017-02-13,0.009733618545635092
2017-02-14,0.007579406496303136
2017-02-15,0.004633737014229886
2017-02-16,-0.00309853201728738
2017-02-17,-0.0014057744721459359
2017-02-21,0.003844017042758492
2017-02-22,-0.0025664109537006045
2017-02-23,0.002752297485372356
2017-02-24,-0.0041154573730155675
2017-02-27,0.0006707023480470773
2017-02-28,-0.0010159108240133312
2017-03-01,0.02204272416983923
2017-03-02,-0.008183274619009787
2017-03-03,0.0016568693462698184
2017-03-06,-0.0019730691868943533
2017-03-07,-0.0015002558385473742
2017-03-08,-0.0037565771310385395
2017-03-09,0.001373178672750394
2017-03-10,0.0006224866627481678
2017-03-13,-0.0011045431198636073
2017-03-14,-0.0024526655829049705
2017-03-15,0.00764502470293058
2017-03-16,-4.811284132352878e-05
2017-03-17,-0.0032050975642801535
2017-03-20,0.0010443544853860449
2017-03-21,-0.013626866364778672
2017-03-22,0.006167538756048992
2017-03-23,-0.0015958953413412768
2017-03-24,-0.002291326800512736
2017-03-27,0.0008057500131390073
2017-03-28,0.011533324260576034
2017-03-29,0.0008604343399213582
2017-03-30,0.0077971254876740385
2017-03-31,-0.008362784830266853
2017-04-03,-0.0018393770168439664
2017-04-04,0.004283987889035478
2017-04-05,-0.0046884149046435624
2017-04-06,0.0023112555358512253
2017-04-07,-0.00237058944172875
2017-04-10,-0.0006249723609072339
2017-04-11,-0.004205094611704939
2017-04-12,-0.001228517706170904
2017-04-13,-0.009232973305994898
2017-04-17,0.007361341679735863
2017-04-18,-0.005132900271478134
2017-04-19,-0.006060834782656914
2017-04-20,0.009685924528385556
2017-04-21,-0.0009046096000303969
2017-04-24,0.016575200202143862
2017-04-25,0.007049518613242465
2017-04-26,-0.0023364796887979625
2017-04-27,-0.0009515360775658945
2017-04-28,-9.840713793881164e-05
2017-05-01,0.009917810212460056
2017-05-02,-0.0004591441527137568
2017-05-03,0.0018549265980941792
2017-05-04,-0.004819662371479725
2017-05-05,0.005675165914368431
2017-05-08,0.009413720867292377
2017-05-09,-0.0008036411705177589
2017-05-10,0.0028717046278809496
2017-05-11,0.00042200068971252154
2017-05-12,0.0023041300130753947
2017-05-15,0.0015023892856438482
2017-05-16,0.004629798224564162
2017-05-17,-0.027006803709879165
2017-05-18,0.002977755170894965
2017-05-19,0.00375651912986159
2017-05-22,0.005165971760224999
2017-05-23,0.004518549451117794
2017-05-24,-0.0014466080689933976
2017-05-25,0.0012355232157816307
2017-05-26,0.00021194983953758378
2017-05-30,-0.003995741876174218
2017-05-31,-0.01064312857863558
2017-06-01,0.004989796892449139
2017-06-02,0.004515994710119921
2017-06-05,0.0017441366651104948
2017-06-06,0.005562745361195167
2017-06-07,0.00295761795648176
2017-06-08,4.527154160822002e-05
2017-06-09,-0.005130296277043032
2017-06-12,-0.005492955196073391
2017-06-13,0.006023678214021448
2017-06-14,-0.007011551661681745
2017-06-15,-0.0037417860609298293
2017-06-16,-0.0005856482137545109
2017-06-19,0.01336751335439663
2017-06-20,-0.008621461274372296
2017-06-21,-0.0010393116427682872
2017-06-22,-0.0018419450668578814
2017-06-23,0.0056397517443792355
2017-06-26,-0.0032309051948367197
2017-06-27,-0.006422139265864942
2017-06-28,0.012015298843890894
2017-06-29,-0.007333348144489786
2017-06-30,0.002969702999092675
2017-07-03,0.0055678299589738255
2017-07-05,0.002999670899257549
2017-07-06,-0.007292801005488795
2017-07-07,0.0073178092601975464
2017-07-10,0.0014344387332691272
2017-07-11,0.0012454398169829553
2017-07-12,0.0047207566427637845
2017-07-13,0.007247386132697566
2017-07-14,0.004295531629390481
2017-07-17,-0.0008156307932874064
2017-07-18,-0.0009848673097813364
2017-07-19,0.004594483560550601
2017-07-20,0.00011824973592569377
2017-07-21,-0.004718635775115998
2017-07-24,0.0026541909752756227
2017-07-25,0.008439965869666922
2017-07-26,-0.001339979209858089
2017-07-27,-0.007401335908180441
2017-07-28,-0.00674865331917483
2017-07-31,0.00034087837111052076
2017-08-01,0.005529100438947851
2017-08-02,0.011989636859916684
2017-08-03,-0.004875908095232602
2017-08-04,0.005388364347572024
2017-08-07,0.003677444386713806
2017-08-08,0.001804069598377964
2017-08-09,0.0008038922309315635
2017-08-10,-0.01686719969632185
2017-08-11,0.0027253316461577225
2017-08-14,0.010438126807347604
2017-08-15,0.0028302068600904906
2017-08-16,-0.0031078940710302697
2017-08-17,-0.01700106204353166
2017-08-18,0.001230307200590181
2017-08-21,-0.0027888937526302604
2017-08-22,0.011257122563227969
2017-08-23,-0.001319090439909411
2017-08-24,-0.002539756328424754
2017-08-25,0.0036535725927031564
2017-08-28,0.0009333990077834327
2017-08-29,0.001540116682694949
2017-08-30,0.003366700980373222
2017-08-31,0.0031486510557373567
2017-09-01,0.0002885155780190608
2017-09-05,-0.008197769646845671
2017-09-06,0.0058232726690071466
2017-09-07,-0.0014548041337892762
2017-09-08,-0.0063004454007996955
2017-09-11,0.012308897050629933
2017-09-12,0.002570958485587454
2017-09-13,0.0014421532317400163
2017-09-14,-0.0031146517863279806
2017-09-15,0.006030956957946993
2017-09-18,0.0011872316378596828
2017-09-19,0.004158890324362331
2017-09-20,-0.0031108489939607785
2017-09-21,-0.007700477607087241
2017-09-22,-0.0022168330322511805
2017-09-25,-0.004693968256874724
2017-09-26,0.0028681112177652325
2017-09-27,0.009359706630782972
2017-09-28,0.0013703572585317633
2017-09-29,0.003156716806242829
2017-10-02,0.00228683405946136
2017-10-03,0.0016219744076562462
2017-10-04,-0.0026438654420299396
2017-10-05,0.011386148705633556
2017-10-06,-0.0014310872334493358
2017-10-09,0.0014780347960638657
2017-10-10,0.0026563498598174743
2017-10-11,0.0017494382804453205
2017-10-12,-0.001319195895778785
2017-10-13,0.0023784438090995877
2017-10-16,0.011397832741623053
2017-10-17,0.0006172979483207322
2017-10-18,-0.0007019229104326097
2017-10-19,-0.004776197608298883
2017-10-20,0.00796145582223603
2017-10-23,-0.0001011964237721921
2017-10-24,0.006214147909781354
2017-10-25,-0.0024831385422508065
2017-10-26,0.004681898172089471
2017-10-27,0.025129032148896637
2017-10-30,0.004409070457911883
2017-10-31,-0.0012192160308199939
2017-11-01,-0.0008760912936891605
2017-11-02,0.005060629957715853
2017-11-03,0.00521901160024768
2017-11-06,0.0036515845169902477
2017-11-07,-0.005385594238064729
2017-11-08,-0.00025966494020042094
2017-11-09,-0.000436936405254736
2017-11-10,-0.0025737557398463036
2017-11-13,-8.014381283671105e-05
2017-11-14,-0.006931132660028953
2017-11-15,-0.006067507261664562
2017-11-16,0.002334022022926755
2017-11-17,-0.0056418009652961345
2017-11-20,0.003314642764664608
2017-11-21,0.008973043164468253
2017-11-22,0.0007621547296943254
2017-11-24,0.0006373563327567507
2017-11-27,-0.0013830636478161366
2017-11-28,0.011850160475267366
2017-11-29,-0.0022097303325432516
2017-11-30,0.01092651078363087
2017-12-01,0.0002554220793005991
2017-12-04,-0.006021265021047071
2017-12-05,-0.0036025142383820778
2017-12-06,-0.0010321617464980547
2017-12-07,-0.00033965306222812606
2017-12-08,0.008528340813909406
2017-12-11,0.008366367778449728
2017-12-12,0.001696452825137736
2017-12-13,-0.001914051765703258
2017-12-14,-0.004698178048236946
2017-12-15,0.012725831362427166
2017-12-18,0.003792439418601793
2017-12-19,-0.006840736000731672
2017-12-20,-0.0007461555802307804
2017-12-21,0.00777426341330077
2017-12-22,-0.0004957799360411182
2017-12-26,-0.007718816242466287
2017-12-27,0.001178330237594713
2017-12-28,0.0024143408392300727
2017-12-29,-0.006356105836357155
2018-01-02,0.012102586071628237
2018-01-03,0.00623428617752602
2018-01-04,0.007250957729619053
2018-01-05,0.004099093535827551
2018-01-08,0.000814989240913246
2018-01-09,1.6896888062765871e-06
2018-01-10,-0.00045345969317045964
2018-01-11,0.005945862671921896
2018-01-12,0.012630703106837556
2018-01-16,-0.007251216719059213
2018-01-17,0.01365128586621563
2018-01-18,-0.0009155068035977433
2018-01-19,-0.0027500829270217385
2018-01-22,0.00841780671180882
2018-01-23,0.0007255235528901335
2018-01-24,-0.000405781016776715
2018-01-25,-0.0035056997871348787
2018-01-26,0.008336692152612745
2018-01-29,-0.008655803649611
2018-01-30,-0.010513559689793362
2018-01-31,0.009440280994462313
2018-02-01,0.006138954604667533
2018-02-02,-0.036437285926783095
2018-02-05,-0.043771504409539086
2018-02-06,0.022679968983560728
2018-02-07,-0.013013855857159178
2018-02-08,-0.03429746608568756
2018-02-09,0.01873673676005008
2018-02-12,0.018486323427262773
2018-02-13,0.005593894813347877
2018-02-14,0.014690835891731343
2018-02-15,0.013520886322132311
2018-02-16,-0.0033203857127082886
2018-02-20,-0.0014216550691603803
2018-02-21,-0.006286600347310564
2018-02-22,0.0054971594010004635
2018-02-23,0.021040643336633143
2018-02-26,0.01576461482076575
2018-02-27,-0.01129966015141038
2018-02-28,-0.011259287874677143
2018-03-01,-0.01319292730013601
2018-03-02,0.0031789719002350285
2018-03-05,0.008624804760019632
2018-03-06,-0.0011457826643262094
2018-03-07,-0.008206131890066849
2018-03-08,0.0037770429434582533
2018-03-09,0.01835178158719984
2018-03-12,0.004463854803025178
2018-03-13,-0.013975968988960615
2018-03-14,-0.009572499048581463
2018-03-15,0.004571383788177727
2018-03-16,0.003003398539586592
2018-03-19,-0.013637527610089961
2018-03-20,0.0002594360945888625
2018-03-21,-0.0037387533149517973
2018-03-22,-0.026782240312006506
2018-03-23,-0.02209120744515534
2018-03-26,0.04121058675245996
2018-03-27,-0.02416917638255922
2018-03-28,-0.006431909972274931
2018-03-29,0.017772451668064917
2018-04-02,-0.01886099119392972
2018-04-03,0.015369177350361104
2018-04-04,0.015199013296775603
2018-04-05,0.008934994011698826
2018-04-06,-0.022489151916742584
2018-04-09,0.006943306783855751
2018-04-10,0.022378721200114787
2018-04-11,-0.00700239205961806
2018-04-12,0.012550307016580938
2018-04-13,-0.0053576659209649095
2018-04-16,0.006499378777176327
2018-04-17,0.007741950383189708
2018-04-18,0.0011966710965082615
2018-04-19,-0.0019846079290500806
2018-04-20,-0.015248683383097837
2018-04-23,0.0007774852255365437
2018-04-24,-0.014457920512795718
2018-04-25,0.0015926293773705154
2018-04-26,0.01058597626154701
2018-04-27,-0.010077111015191379
2018-04-30,-0.003135840630855007
2018-05-01,0.007082432418624558
2018-05-02,0.004382586479180125
2018-05-03,-0.0004826639612925716
2018-05-04,0.01643299339477555
2018-05-07,0.009445507979755234
2018-05-08,0.004930100607142633
2018-05-09,0.01590020739691576
2018-05-10,0.013508901403689249
2018-05-11,-0.0012601895268668434
2018-05-14,0.0020328430503426774
2018-05-15,-0.0061388920104537125
2018-05-16,0.004353178540684859
2018-05-17,-0.0053612094539969134
2018-05-18,-0.006303889266681826
2018-05-21,0.010241252235109516
2018-05-22,-0.000925670229358706
2018-05-23,0.004958395786877332
2018-05-24,-0.009771019747333425
2018-05-25,-0.0054931190967942726
2018-05-29,-0.013638073970840813
2018-05-30,0.017131644662963245
2018-05-31,-0.005029456107015672
2018-06-01,0.0143881408894755
2018-06-04,0.0017279544459987057
2018-06-05,0.0008896127270580002
2018-06-06,0.011612547326201764
2018-06-07,-0.0011489798812686415
2018-06-08,0.0024281613829230525
2018-06-11,-0.004175094333969329
2018-06-12,-0.001490651174412752
2018-06-13,-0.006475737283841758
2018-06-14,-0.0017469355143186402
2018-06-15,-0.00986620753621678
2018-06-18,0.002827029868491353
2018-06-19,-0.0059046229491077126
2018-06-20,0.002780260970203476
2018-06-21,-0.005638602157309934
2018-06-22,-0.0014200237794340272
2018-06-25,-0.016196011475349964
2018-06-26,0.007802318275727954
2018-06-27,-0.0048794750644687085
2018-06-28,0.009444227002008173
2018-06-29,-1.509324525516588e-05
2018-07-02,0.005458488041681934
2018-07-03,-0.008862330753095098
2018-07-05,0.0056221214608689766
2018-07-06,0.007804727899318961
2018-07-09,0.01449028630104705
2018-07-10,0.0010986503156215424
2018-07-11,-0.007366247119198076
2018-07-12,0.010897807476123083
2018-07-13,0.004068404471706109
2018-07-16,0.0054690276217853
2018-07-17,0.002445247960714245
2018-07-18,-0.0012949717198239747
2018-07-19,-0.004125426354087296
2018-07-20,0.005140358498117644
2018-07-23,0.008797280871152485
2018-07-24,0.007742971611978473
2018-07-25,0.013587642610362535
2018-07-26,-0.0023091095539939754
2018-07-27,-0.013083234891011854
2018-07-30,-0.005872126153694385
2018-07-31,-0.002367388254956042
2018-08-01,0.01286132775035119
2018-08-02,0.009778742471631723
2018-08-03,0.004732875727213477
2018-08-06,0.0015046105203811925
2018-08-07,0.0036651892470208973
2018-08-08,0.0004090137867361306
2018-08-09,-0.0008427250781813317
2018-08-10,-0.005001477578251297
2018-08-13,-0.006938065817151335
2018-08-14,0.00501664235747573
2018-08-15,-0.009322486764951583
2018-08-16,0.00935197558881662
2018-08-17,0.005635649263601635
2018-08-20,-0.002679227590895086
2018-08-21,-0.0009929903757203435
2018-08-22,0.005344750044449825
2018-08-23,-0.001613161284990321
2018-08-24,0.004313234133508727
2018-08-27,0.011626384580182341
2018-08-28,0.001914343618935094
2018-08-29,0.008644206121978162
2018-08-30,-0.00018668771554634196
2018-08-31,0.001333470296383602
2018-09-04,0.0010313389106141179
2018-09-05,-0.006857759330719521
2018-09-06,-0.007465877099558675
2018-09-07,0.0014556910339879464
2018-09-10,-0.0023937895522935237
2018-09-11,0.015529669095832048
2018-09-12,-0.004223773581418294
2018-09-13,0.007161152287037299
2018-09-14,-6.601386073396345e-05
2018-09-17,-0.007253226835574173
2018-09-18,0.0044535251011018125
2018-09-19,0.006921713981100407
2018-09-20,0.008742083454365697
2018-09-21,-0.0018129059510919815
2018-09-24,0.0062190111316864525
2018-09-25,0.00010341067873059111
2018-09-26,-0.00807798380794919
2018-09-27,0.004908818443849662
2018-09-28,-0.0051013994114371426
2018-10-01,0.008143994446357203
2018-10-02,0.004135185186218659
2018-10-03,0.004505476206588626
2018-10-04,-0.0090705336875042
2018-10-05,-0.007673349144123776
2018-10-08,0.0003752935167549061
2018-10-09,0.005959626217412833
2018-10-10,-0.03839220611692973
2018-10-11,-0.019201376224584427
2018-10-12,0.013849455659825323
2018-10-15,-0.01309649883898686
2018-10-16,0.019703083802130286
2018-10-17,0.001954677531623028
2018-10-18,-0.013874823496791313
2018-10-19,0.004096865031872054
2018-10-22,-0.0023856931889360863
2018-10-23,-0.00785940983584153
2018-10-24,-0.03421306535503209
2018-10-25,0.025599139729482513
2018-10-26,-0.01308507361557633
2018-10-29,-0.010233477066488719
2018-10-30,0.010880087237045755
2018-10-31,0.02196554728335383
2018-11-01,0.0047124916283151404
2018-11-02,-0.01403687117091498
2018-11-05,-0.0033557693158370442
2018-11-06,0.005412310304250267
2018-11-07,0.02452409787723711
2018-11-08,-0.0033393157282401763
2018-11-09,-0.012291019726946366
2018-11-12,-0.027707910255327962
2018-11-13,-0.0066800904663263105
2018-11-14,-0.017906474358068983
2018-11-15,0.020409802603451623
2018-11-16,0.007364500821780228
2018-11-19,-0.016005129272296977
2018-11-20,-0.031921981743425934
2018-11-21,0.003169672828435135
2018-11-23,-0.015601587616011284
2018-11-26,0.022402880939300648
2018-11-27,0.0023014029133236378
2018-11-28,0.0258175174279011
2018-11-29,-0.004083556489242573
2018-11-30,0.004170000051630492
2018-12-03,0.018978115620450237
2018-12-04,-0.03632554952513567
2018-12-06,-0.009361116259885177
2018-12-07,-0.02624852324871008
2018-12-10,-0.00012050740700979366
2018-12-11,-0.0011178224911431397
2018-12-12,0.0012738781464278425
2018-12-13,0.0069514642237461215
2018-12-14,-0.02271554800465813
2018-12-17,-0.018210701926614264
2018-12-18,-0.0023367749832072272
2018-12-19,-0.01606027694686261
2018-12-20,-0.021581333146058708
2018-12-21,-0.025974813289412892
2018-12-24,-0.03242753948543774
2018-12-26,0.05535634689271096
2018-12-27,0.0037971572440356465
2018-12-28,-0.0051813738555607
2018-12-31,0.00743093009285656
2019-01-02,0.008905676521605104
2019-01-03,-0.04304812334147553
2019-01-04,0.03991801454111924
2019-01-07,0.00123186812217617
2019-01-08,0.007866359820154767
2019-01-09,0.00865167561399597
2019-01-10,-0.0021193158317709955
2019-01-11,-0.00675047539425034
2019-01-14,-0.0033681064207918107
2019-01-15,0.014178736232517286
2019-01-16,0.005818230540542383
2019-01-17,0.005956095652568968
2019-01-18,0.012240033838803873
2019-01-22,-0.018203783334051715
2019-01-23,0.0007413776528412898
2019-01-24,-0.0026907054869251853
2019-01-25,0.013117602427484464
2019-01-28,-0.007744801197912814
2019-01-29,-0.0061059018638124785
2019-01-30,0.028030439577947305
2019-01-31,-0.0016193486179913019
2019-02-01,0.005902957531057365
2019-02-04,0.0113404558165995
2019-02-05,0.009170314405643792
2019-02-06,-0.003918378433078628
2019-02-07,-0.011811888481140929
2019-02-08,-0.0008555617268719857
2019-02-11,-0.0032191168615549773
2019-02-12,0.014584828493876883
2019-02-13,0.0027657772986334366
2019-02-14,-0.0004447441871583888
2019-02-15,0.014712966787900298
2019-02-19,0.0014208857340469105
2019-02-20,0.0024667360577546246
2019-02-21,0.001013069224342945
2019-02-22,0.007118875116764775
2019-02-25,0.006067823493675391
2019-02-26,0.00045571805242956723
2019-02-27,0.0026023811060743363
2019-02-28,-0.00608048582586477
2019-03-01,0.00694473811783732
2019-03-04,0.0010452684573942508
2019-03-05,-0.002271404990888289
2019-03-06,-0.005122224057752591
2019-03-07,-0.0050263410172633055
2019-03-08,-0.0026504315071348905
2019-03-11,0.019363772034553067
2019-03-12,0.004482191344281036
2019-03-13,0.006080339354796976
2019-03-14,0.004387458289728218
2019-03-15,0.00804681141132334
2019-03-18,0.010475379728038706
2019-03-19,-0.0033786102825452465
2019-03-20,-0.0021088569489237648
2019-03-21,0.012183608119445154
2019-03-22,-0.023623328676242325
2019-03-25,-0.0055763121762848165
2019-03-26,0.003656005471415124
2019-03-27,-0.002964410384011719
2019-03-28,0.004736266435743232
2019-03-29,0.005247570145498946
2019-04-01,0.015114694584813597
2019-04-02,0.004083701574998078
2019-04-03,0.002358434758170107
2019-04-04,0.005092656901767658
2019-04-05,0.0035198065049614783
2019-04-08,0.006333640175838403
2019-04-09,-0.007205850601769784
2019-04-10,0.003285823805809742
2019-04-11,0.0014973161463323595
2019-04-12,0.009475685410427986
2019-04-15,-0.003048265072116858
2019-04-16,0.0037692664176851324
2019-04-17,0.014689111674205434
2019-04-18,0.0013936634173822558
2019-04-22,0.007312985539722441
2019-04-23,0.008702236551177148
2019-04-24,-0.00656731319835255
2019-04-25,0.007400731330317065
2019-04-26,-0.0031991040323551137
2019-04-29,0.00210550512098256
2019-04-30,-0.002450724407092147
2019-05-01,-0.0002712899213307999
2019-05-02,-0.008800686553632803
2019-05-03,0.010475920152335949
2019-05-06,-0.00867676878386783
2019-05-07,-0.01746572447673105
2019-05-08,-0.0009084414305467945
2019-05-09,-0.003148167799800307
2019-05-10,0.0018806690953507622
2019-05-13,-0.03219984661550248
2019-05-14,0.009017304589508932
2019-05-15,0.00735926642660613
2019-05-16,0.007759349570695682
2019-05-17,-0.005791199020805486
2019-05-20,-0.010307223153231118
2019-05-21,0.00809243706991476
2019-05-22,-0.00797570070231983
2019-05-23,-0.018131973486363313
2019-05-24,0.002655215615757567
2019-05-28,-0.008999080709889246
2019-05-29,-0.005870775941215893
2019-05-30,-0.00048424955468612555
2019-05-31,-0.01546570709904675
2019-06-03,-0.005357712066043999
2019-06-04,0.029278191706131704
2019-06-05,0.008171468251903926
2019-06-06,0.012625750835668012
2019-06-07,0.011623840625174919
2019-06-10,0.009239042588076916
2019-06-11,0.002469287870570012
2019-06-12,-0.007879865465166893
2019-06-13,0.004324054550142526
2019-06-14,-0.002045710197350389
2019-06-17,0.003347398944559607
2019-06-18,0.015663463420665793
2019-06-19,-0.002956523606415758
2019-06-20,0.009193155883977074
2019-06-21,0.0009750451465667946
2019-06-24,-0.0029585169496900337
2019-06-25,-0.016136916527365305
2019-06-26,0.009028840190143357
2019-06-27,-0.0013952587113010245
2019-06-28,0.00672202042146362
2019-07-01,0.011673613558159029
2019-07-02,0.0006179278697944625
2019-07-03,0.005636315779875944
2019-07-05,-0.00048468061466056683
2019-07-08,-0.005612463134931582
2019-07-09,0.0015032954051901611
2019-07-10,0.007772596162432765
2019-07-11,0.0017393022930447942
2019-07-12,0.005623787419856966
2019-07-15,-0.002493850947323955
2019-07-16,-0.005258178225813832
2019-07-17,-0.006843568237857869
2019-07-18,0.002456962598348198
2019-07-19,-0.005369073068321732
2019-07-22,0.010808361952692764
2019-07-23,0.009023356844351975
2019-07-24,0.0033244703641904577
2019-07-25,-0.006766738784578226
2019-07-26,0.00360907612254168
2019-07-29,0.002742718043366359
2019-07-30,-0.0028122051978552334
2019-07-31,-0.004746634908335143
2019-08-01,-0.015361115463981384
2019-08-02,-0.009939460799112846
2019-08-05,-0.03488297244644005
2019-08-06,0.013696178704855696
2019-08-07,-0.003450828632817449
2019-08-08,0.02281666191088536
2019-08-09,-0.009851425081103846
2019-08-12,-0.010100608504777566
2019-08-13,0.022383082542579247
2019-08-14,-0.03608138250883237
2019-08-15,-0.0023392512801384113
2019-08-16,0.020161770196046546
2019-08-19,0.015186055289608785
2019-08-20,-0.006785071619131939
2019-08-21,0.008650993174175284
2019-08-22,-1.0670002597359019e-05
2019-08-23,-0.033801482100972294
2019-08-26,0.011862994149597102
2019-08-27,-0.0074035285753381985
2019-08-28,0.005650583640555377
2019-08-29,0.01723128436949109
2019-08-30,0.0008490027551161225
2019-09-03,-0.009674144914024286
2019-09-04,0.012757737579190121
2019-09-05,0.01833408020656036
2019-09-06,0.001145469932253787
2019-09-09,0.006293020256328059
2019-09-10,0.005488888820685268
2019-09-11,0.008096025814875915
2019-09-12,0.003703437471917219
2019-09-13,0.0018778931660229901
2019-09-16,0.000990560271137482
2019-09-17,-0.00030294789118010825
2019-09-18,0.005679692314966751
2019-09-19,3.8283334114569845e-05
2019-09-20,-0.008459677489804232
2019-09-23,0.0007268557568115797
2019-09-24,-0.011110010207004544
2019-09-25,0.009555834419241786
2019-09-26,-0.004368627048210176
2019-09-27,-0.001223708521928674
2019-09-30,0.0050390982673656284
2019-10-01,-0.013393500473829255
2019-10-02,-0.022439690120375652
2019-10-03,0.007837725093074066
2019-10-04,0.019235970953243826
2019-10-07,-0.005775017095382428
2019-10-08,-0.01613991865630693
2019-10-09,0.012167150496308093
2019-10-10,0.011365024803419286
2019-10-11,0.014452128724172793
2019-10-14,0.00079742359927557
2019-10-15,0.011298964422506488
2019-10-16,-0.007974968461846022
2019-10-17,0.0007492907797832303
2019-10-18,-0.0044327104357053835
2019-10-21,0.01641587007909189
2019-10-22,-0.0005543361402904911
2019-10-23,0.007959338766589885
2019-10-24,0.002724769301636052
2019-10-25,0.00703750312898816
2019-10-28,0.007302339878600983
2019-10-29,-0.00910674838916088
2019-10-30,-0.0009663883491279101
2019-10-31,0.001266301493428219
2019-11-01,0.02070439147296827
2019-11-04,0.012390274690243511
2019-11-05,0.00493249969908597
2019-11-06,-0.005732808593483434
2019-11-07,0.009825131709028701
2019-11-08,-0.00045160757091224947
2019-11-11,-0.000178468186833139
2019-11-12,-0.0035300176618575235
2019-11-13,-0.000590774012129573
2019-11-14,-0.001325281179653132
2019-11-15,0.010463760763848232
2019-11-18,0.0015356936546139185
2019-11-19,-0.003319839265520404
2019-11-20,-0.004414023357017495
2019-11-21,0.0051756067610557194
2019-11-22,0.0005348103513075368
2019-11-25,0.006742670527830839
2019-11-26,-0.0009163647570435052
2019-11-27,0.004406116626836172
2019-11-29,-0.0047504636109433375
2019-12-02,-0.005436931922588543
2019-12-03,-0.010114669801238185
2019-12-04,0.01080262457006342
2019-12-05,0.0042554672757813446
2019-12-06,0.01548008165991262
2019-12-09,-0.004798230128999577
2019-12-10,-0.0009185963914670819
2019-12-11,0.0021067028410190424
2019-12-12,0.01516899116836789
2019-12-13,-0.0007067441206838531
2019-12-16,0.009587593336139373
2019-12-17,-0.00048403082632958254
2019-12-18,-0.0006885585344203074
2019-12-19,-0.0005652130592685789
2019-12-20,0.003969697906882149
2019-12-23,0.00522175433138918
2019-12-24,-8.078592397770207e-05
2019-12-26,0.00998371369485339
2019-12-27,-0.0003156698404411498
2019-12-30,-0.003073362865593609
2019-12-31,0.004456225831028591
2020-01-02,0.01722011831370961
2020-01-03,-0.01091400872917804
2020-01-06,0.00434294096001475
2020-01-07,-0.009809670755452414
2020-01-08,0.006084244655108061
2020-01-09,0.011176320939860339
2020-01-10,-0.005331363527021111
2020-01-13,0.012715701482807495
2020-01-14,-0.004425565814636587
2020-01-15,-0.003632263365051402
2020-01-16,0.007639948787150153
2020-01-17,0.004925998025695344
2020-01-21,-0.008670951393243077
2020-01-22,-0.0020527714974956667
2020-01-23,0.0009114490131959829
2020-01-24,-0.01122945249219251
2020-01-27,-0.019817527787082186
2020-01-28,0.01598165151657917
2020-01-29,0.006577986525241405
2020-01-30,0.012302199544249045
2020-01-31,-0.03215602215974596
2020-02-03,0.0015769300860175618
2020-02-04,0.016641770943115135
2020-02-05,0.017188001737744686
2020-02-06,0.004663479032231792
2020-02-07,-0.005530474532924006
2020-02-10,0.006022193210758793
2020-02-11,-0.0043846636132124665
2020-02-12,0.009271075742473264
2020-02-13,-0.004752461588558728
2020-02-14,0.0003692235783849915
2020-02-18,-0.008623594525527464
2020-02-19,0.009643471862591974
2020-02-20,-0.008422005480690211
2020-02-21,-0.019895735900859166
2020-02-24,-0.0419901397441599
2020-02-25,-0.03396176068799502
2020-02-26,0.0022402583217776967
2020-02-27,-0.06130899285110099
2020-02-28,0.002758462728234423
2020-03-02,0.061330212435185966
2020-03-03,-0.0421737925858965
2020-03-04,0.031851010622486735
2020-03-05,-0.03844090592830569
2020-03-06,-0.03615125474519412
2020-03-09,-0.1071293423458956
2020-03-10,0.06171977881674585
2020-03-11,-0.04085479039532839
2020-03-12,-0.10276725749347107
2020-03-13,0.10916870513404682
2020-03-16,-0.13983409563452256
2020-03-17,0.06164313398103971
2020-03-18,-0.07116429221559742
2020-03-19,0.01602161970022168
2020-03-20,-0.04388260505599843
2020-03-23,-0.03167897427268576
2020-03-24,0.10360770072277783
2020-03-25,0.01809508222205213
2020-03-26,0.05487733220959846
2020-03-27,-0.05187123548913944
2020-03-30,0.03414119893608369
2020-03-31,-0.01081449967022775
2020-04-01,-0.04172780001883324
2020-04-02,0.03684866645275624
2020-04-03,-0.020907492186944075
2020-04-06,0.06234520530967577
2020-04-07,0.0023684936020246876
2020-04-08,0.03405116826540726
2020-04-09,0.019152513759758242
2020-04-13,-0.008108093697128851
2020-04-14,0.015510584377461095
2020-04-15,-0.029331715405325576
2020-04-16,-0.008692377602024973
2020-04-17,0.04502245331280157
2020-04-20,-0.031621008301698
2020-04-21,-0.027106328885692456
2020-04-22,0.023303142602967175
2020-04-23,0.0038379030588468702
2020-04-24,0.016909391601454812
2020-04-27,0.01120752881408985
2020-04-28,-0.002694522648532022
2020-04-29,0.03917943287591685
2020-04-30,-0.0029785993039286073
2020-05-01,-0.035844897724783206
2020-05-04,0.016445637429172433
2020-05-05,0.005735032415822051
2020-05-06,-0.004458875451933389
2020-05-07,0.008027012612602908
2020-05-08,0.022127382162700607
2020-05-11,-0.0031899059372773224
2020-05-12,-0.021121593701002396
2020-05-13,-0.028344013890235383
2020-05-14,0.014983381885052416
2020-05-15,-0.00431687414381947
2020-05-18,0.04023262193994355
2020-05-19,-0.015995365870013288
2020-05-20,0.02365502013511242
2020-05-21,-0.012591056871619447
2020-05-22,-1.0465187807612102e-05
2020-05-26,0.02002308726757239
2020-05-27,0.017284094414259998
2020-05-28,-0.010779958034648561
2020-05-29,-0.001798346575304731
2020-06-01,0.010188639996962782
2020-06-02,0.010321205890983716
2020-06-03,0.02511912091012573
2020-06-04,-0.0010375777300542283
2020-06-05,0.04329292396550764
2020-06-08,0.01565719699682554
2020-06-09,-0.002454670367298076
2020-06-10,-0.008666512468113573
2020-06-11,-0.07097977918261544
2020-06-12,0.016166132380551243
2020-06-15,0.007937561834787278
2020-06-16,0.020142933952159315
2020-06-17,-0.014164055833152547
2020-06-18,0.0029515837384505366
2020-06-19,-0.010858224601160198
2020-06-22,0.012962444751069597
2020-06-23,0.011478840440251534
2020-06-24,-0.030097533788325033
2020-06-25,0.018739410955614034
2020-06-26,-0.03568064810735211
2020-06-29,0.013453497311226805
2020-06-30,0.013464897418996289
2020-07-01,-0.006862162363295669
2020-07-02,0.004816052549956231
2020-07-06,0.019911116353111716
2020-07-07,-0.017417068700794232
2020-07-08,0.013255464489602709
2020-07-09,-0.013189416207798408
2020-07-10,0.020662211386076674
2020-07-13,-0.005383055195050395
2020-07-14,0.015202832703174381
2020-07-15,0.008337502208376445
2020-07-16,-0.00936338299912045
2020-07-17,-0.010779802765977137
2020-07-20,0.007605580833374307
2020-07-21,0.010836292348314416
2020-07-22,-0.0034406508901691072
2020-07-23,-0.021514451470404806
2020-07-24,-0.005479113768964085
2020-07-27,0.009124939471665346
2020-07-28,-0.008281592325230961
2020-07-29,0.01598913080707573
2020-07-30,-0.01652658875068442
2020-07-31,0.026517736046624
2020-08-03,0.019507586997041266
2020-08-04,0.0035651938410472617
2020-08-05,0.006975709606988671
2020-08-06,0.011422421730779262
2020-08-07,-0.005968099364346865
2020-08-10,0.007813376616360494
2020-08-11,-0.003115824106360545
2020-08-12,0.013030396001571444
2020-08-13,-0.0037889349024495707
2020-08-14,0.0012162890851761812
2020-08-17,-0.008949202415820368
2020-08-18,-0.0012346600034586896
2020-08-19,-0.00340850049483179
2020-08-20,0.004383882863133669
2020-08-21,0.008726910385220067
2020-08-24,0.017968380597372782
2020-08-25,-0.0057943892119889494
2020-08-26,-0.00018599201553217565
2020-08-27,0.009457208020411601
2020-08-28,0.009082222843209926
2020-08-31,-0.006388658144626895
2020-09-01,0.008348668690631366
2020-09-02,0.001753485881426815
2020-09-03,-0.03814834294201555
2020-09-04,0.0017853762676732726
2020-09-08,-0.045993537599017656
2020-09-09,0.0210584431783086
2020-09-10,-0.024331075337836877
2020-09-11,-0.002530920972639402
2020-09-14,0.010882750255792085
2020-09-15,-0.0061222977922192265
2020-09-16,-0.0005451303727651863
2020-09-17,-0.009587099219588545
2020-09-18,-0.01578335402054895
2020-09-21,-0.0028745363018461306
2020-09-22,0.0008536769571391685
2020-09-23,-0.03132716815910412
2020-09-24,0.005048667606274051
2020-09-25,0.019336232694710517
2020-09-28,0.019720961749649532
2020-09-29,-0.014030938036783062
2020-09-30,0.010181717910335461
2020-10-01,-0.0024581455767764757
2020-10-02,-0.014465839969410137
2020-10-05,0.023535561499293534
2020-10-06,-0.01783610670646541
2020-10-07,0.014066780916355479
2020-10-08,0.018540603190969014
2020-10-09,0.005301650970093094
2020-10-12,0.02404116628394612
2020-10-13,-0.012140040881244865
2020-10-14,-0.003973053976340736
2020-10-15,0.0035466047451021025
2020-10-16,-0.006594431764586005
2020-10-19,-0.022020903526549482
2020-10-20,0.007287472102794876
2020-10-21,-0.007732291966933806
2020-10-22,0.018874465452776774
2020-10-23,-0.0028054911823785812
2020-10-26,-0.019458378942245193
2020-10-27,-0.0016767003660321778
2020-10-28,-0.04139408755752579
2020-10-29,0.02407264870670675
2020-10-30,-0.01761466660820784
2020-11-02,0.015478359850491454
2020-11-03,0.012280519529679382
2020-11-04,0.012677205454547447
2020-11-05,0.026135878927535425
2020-11-06,-0.006112573895206797
2020-11-09,0.05047530694050363
2020-11-10,-0.004675925056081876
2020-11-11,0.0076021748535759145
2020-11-12,-0.013677907808952382
2020-11-13,0.008864385011198267
2020-11-16,0.023971514744047576
2020-11-17,-0.004336740404028663
2020-11-18,-0.017662175330756973
2020-11-19,0.004815663776260082
2020-11-20,-0.010400061911875626
2020-11-23,0.015081542092809307
2020-11-24,0.034715229993506576
2020-11-25,-0.007823868727763196
2020-11-27,-0.0027038394371048935
2020-11-30,-0.01627025471441676
2020-12-01,0.016405360713748263
2020-12-02,0.013695780726290286
2020-12-03,-0.001559583134461405
2020-12-04,0.009967392576550129
2020-12-07,-0.0026974467648956772
2020-12-08,0.011573457986323657
2020-12-09,-0.008863642931798822
2020-12-10,0.006817516432924934
2020-12-11,-0.0011326231770713803
2020-12-14,-0.0120239935036865
2020-12-15,0.02117923687893914
2020-12-16,0.010335339589447151
2020-12-17,-0.0014478534727504567
2020-12-18,-0.01052746067895502
2020-12-21,0.012220190369155573
2020-12-22,0.0004274321578836421
2020-12-23,0.005051462166037558
2020-12-24,0.001748506955245134
2020-12-28,0.01373425289260901
2020-12-29,-0.007742880721530964
2020-12-30,-0.002221089289718997
2020-12-31,-6.8882088959821425e-06
2021-01-04,-0.012310960782197096
2021-01-05,0.01643651756158713
2021-01-06,0.0026429037485986018
2021-01-07,0.025435030909106773
2021-01-08,0.006707841718143814
2021-01-11,0.0028623345527889676
2021-01-12,0.006080121746092199
2021-01-13,0.00869421427949835
2021-01-14,0.0033520939773491716
2021-01-15,-0.020736372435498862
2021-01-19,0.009595960680847292
2021-01-20,0.016774245705112507
2021-01-21,0.00032464046006745045
2021-01-22,-0.0004215180055715385
2021-01-25,0.0048074319753774394
2021-01-26,-0.003124646724710034
2021-01-27,-0.01133585987579772
2021-01-28,0.005732240979391567
2021-01-29,-0.026429447120615693
2021-02-01,0.014534462988022481
2021-02-02,0.012933125322351302
2021-02-03,0.014130625038849716
2021-02-04,0.01577739214510504
2021-02-05,0.0071743915915135036
2021-02-08,0.014971481023939779
2021-02-09,-0.004258228126286921
2021-02-10,0.0004326790385344968
2021-02-11,-0.005805616852659396
2021-02-12,0.007871457402410059
2021-02-16,0.00797857694909887
2021-02-17,0.0012749202755404031
2021-02-18,-0.0057031388616163164
2021-02-19,0.0032141755876181318
2021-02-22,-0.0029723166501966006
2021-02-23,0.003826059715178111
2021-02-24,0.012096357223498264
2021-02-25,-0.022443434843633217
2021-02-26,-0.008800669672002163
2021-03-01,0.032728944457292804
2021-03-02,-0.010821482581523042
2021-03-03,-0.006242775142827639
2021-03-04,0.0007338355595593645
2021-03-05,0.017842678394791395
2021-03-08,-0.012182800328282381
2021-03-09,0.011227054196609756
2021-03-10,0.009174633249727334
2021-03-11,0.005930249020156169
2021-03-12,0.0022512224318505534
2021-03-15,-0.002666844479528882
2021-03-16,-0.0021325432136943554
2021-03-17,0.0013336062743934639
2021-03-18,-0.02230537111768763
2021-03-19,-0.006948381587852639
2021-03-22,0.0036409661033702098
2021-03-23,-0.005666849432227989
2021-03-24,-0.0003372923984676819
2021-03-25,0.00017606161002678867
2021-03-26,0.01654315636995332
2021-03-29,-0.006205228559432632
2021-03-30,-0.006897983665512255
2021-03-31,0.0013497802351960875
2021-04-01,0.017923705459732257
2021-04-05,0.010077917028371701
2021-04-06,-0.0030753914992832513
2021-04-07,0.010368123064144308
2021-04-08,0.005778170942165926
2021-04-09,0.008847323901670002
2021-04-12,-0.005461300094948374
2021-04-13,0.006456195296976612
2021-04-14,-0.004918536772462106
2021-04-15,0.008524224708450517
2021-04-16,0.0010006677270713168
2021-04-19,-0.0025190061973111113
2021-04-20,-0.014613577017754538
2021-04-21,0.008275058953384989
2021-04-22,-0.014832706307357946
2021-04-23,0.0144008602506763
2021-04-26,0.002235405779127935
2021-04-27,0.0041874422001967
2021-04-28,0.0003528511707170936
2021-04-29,0.006151268285958897
2021-04-30,-0.013688919225334925
2021-05-03,0.0078027466428825885
2021-05-04,-0.008079698514285052
2021-05-05,0.009819145029941351
2021-05-06,0.013813564279544565
2021-05-07,0.008449551844524828
2021-05-10,-0.011250903775977142
2021-05-11,-0.015091810320767767
2021-05-12,-0.014153056800528295
2021-05-13,0.0118694424036065
2021-05-14,0.020102085168189055
2021-05-17,0.0014429048358365537
2021-05-18,-0.01570219539197249
2021-05-19,-0.007691464958369355
2021-05-20,0.007601043660244559
2021-05-21,-0.0018833428840047397
2021-05-24,0.013222173628486905
2021-05-25,-0.007782093110775042
2021-05-26,0.0025429515555834598
2021-05-27,-0.0030440852754490305
2021-05-28,-0.001949605451092758
2021-06-01,0.008578638539622735
2021-06-02,0.0034550672773336656
2021-06-03,-0.0035215579516348363
2021-06-04,0.011333559832483476
2021-06-07,0.00020553612306966132
2021-06-08,0.003823895649789867
2021-06-09,0.0007185340181003943
2021-06-10,-0.001970344522246666
2021-06-11,0.0005840875528943315
2021-06-14,0.0033203826909552186
2021-06-15,0.00202902412210664
2021-06-16,0.0008859130225806317
2021-06-17,-0.009162670364995906
2021-06-18,-0.016851379011594465
2021-06-21,0.019676667404469564
2021-06-22,0.010263066699458697
2021-06-23,0.0025962076369614086
2021-06-24,0.00409037608271448
2021-06-25,0.0009201858663586152
2021-06-28,0.0005749533508651551
2021-06-29,0.0034794334622970527
2021-06-30,0.004781830923930756
2021-07-01,0.004385794384684242
2021-07-02,0.00976334265882632
2021-07-06,-0.0077988836387472985
2021-07-07,0.002836043976986169
2021-07-08,-0.010033116685833357
2021-07-09,0.016075716634005418
2021-07-12,0.001697130336351266
2021-07-13,0.0003079300905927838
2021-07-14,0.0008525443741089368
2021-07-15,-0.0043389006869004754
2021-07-16,-0.016578328793491606
2021-07-19,-0.027181853719978787
2021-07-20,0.015844891149983602
2021-07-21,0.013688997399201992
2021-07-22,0.0005657109467048318
2021-07-23,0.005257411678815323
2021-07-26,0.00809040787436344
2021-07-27,-0.009057729018788903
2021-07-28,-0.0012544458729742654
2021-07-29,0.006543482847597945
2021-07-30,-0.008852398884756236
2021-08-02,-0.0016257486196203461
2021-08-03,0.010657836601574844
2021-08-04,-0.00985200393472166
2021-08-05,0.0075154156803807284
2021-08-06,0.008623618920106295
2021-08-09,-0.004201418247288386
2021-08-10,0.00481099067000489
2021-08-11,0.0045850508597362494
2021-08-12,0.008028800883976192
2021-08-13,-0.0023927334635260567
2021-08-16,-0.0004745150306628182
2021-08-17,-0.007579088981688164
2021-08-18,-0.015600578765433033
2021-08-19,-0.004125982006797469
2021-08-20,0.009599071582736558
2021-08-23,0.016048846636171028
2021-08-24,0.0017613040610686209
2021-08-25,0.0029334418885988874
2021-08-26,-0.005932243302808633
2021-08-27,0.009114316493570179
2021-08-30,0.0039145317173153345
2021-08-31,-0.0072094720054929895
2021-09-01,-0.002747090932484264
2021-09-02,0.008471293144496494
2021-09-03,-0.0014237646382323425
2021-09-07,0.001142857224444999
2021-09-08,-0.005928118586425403
2021-09-09,-0.0028882051671471312
2021-09-10,-0.01311352694138564
2021-09-13,0.012347923981421784
2021-09-14,-0.008050370338516638
2021-09-15,0.01570898730898053
2021-09-16,-0.0028585940959814865
2021-09-17,-0.012673339798001544
2021-09-20,-0.024436163408514407
2021-09-21,0.001079740235795528
2021-09-22,0.01932313890828297
2021-09-23,0.019131663025941097
2021-09-24,0.005069973833707551
2021-09-27,0.006269326548458102
2021-09-28,-0.013991850720425652
2021-09-29,0.0016757430390710129
2021-09-30,-0.01206979068210905
2021-10-01,0.022321214997194923
2021-10-04,-0.008511446894806091
2021-10-05,0.012099054859202029
2021-10-06,0.001215781384652754
2021-10-07,0.006019730973162279
2021-10-08,0.00569685264678996
2021-10-11,-0.008502829636755409
2021-10-12,-0.006666549537788048
2021-10-13,-0.0055265239919074
2021-10-14,0.01796598250893281
2021-10-15,0.010198054957472724
2021-10-18,0.005242734222958648
2021-10-19,0.011247925660527704
2021-10-20,0.004891152879795278
2021-10-21,-0.003474532223131245
2021-10-22,0.0024342586790915286
2021-10-25,0.002680747232322867
2021-10-26,0.009136930878377521
2021-10-27,-0.0023161029506517964
2021-10-28,0.011523614743982271
2021-10-29,0.0008914967789795779
2021-11-01,0.0012179306972630137
2021-11-02,0.0024903511732782763
2021-11-03,-0.00027856374047155246
2021-11-04,-0.0004921358163211473
2021-11-05,0.0026111634789859244
2021-11-08,0.003473974732672946
2021-11-09,0.00036433878308281785
2021-11-10,-0.013912497648915254
2021-11-11,0.0015964234215494338
2021-11-12,0.0037311830135285107
2021-11-15,0.0012288522597631371
2021-11-16,0.004911277956525359
2021-11-17,0.00016444666554471955
2021-11-18,0.0037102066081812707
2021-11-19,-0.00956510180330971
2021-11-22,0.007039720012247265
2021-11-23,0.011424917641405056
2021-11-24,0.00040320823839890474
2021-11-26,-0.030799848423306943
2021-11-29,0.010925892623531792
2021-11-30,-0.0077096833779505426
2021-12-01,-0.002881964253538688
2021-12-02,0.009371746541105022
2021-12-03,-0.014080010439335624
2021-12-06,0.013521022265696335
2021-12-07,0.02183058876856949
2021-12-08,0.0035139462271864667
2021-12-09,-0.0018926617624880169
2021-12-10,0.01448650447622718
2021-12-13,-0.016051110489068807
2021-12-14,-0.008753455933283211
2021-12-15,0.008810598889608529
2021-12-16,-0.013118596935403713
2021-12-17,-0.013752017058579934
2021-12-20,-0.013248394996349371
2021-12-21,0.01949541495126899
2021-12-22,0.01126638870656972
2021-12-23,0.00303947378440105
2021-12-27,0.01637497709348717
2021-12-28,-0.0023752445722297973
2021-12-29,-0.00168640235389385
2021-12-30,-0.005182437264433821
2021-12-31,-0.0016709656401696386
2022-01-03,0.019659542753178542
2022-01-04,0.011016005375569595
2022-01-05,-0.018048678895464527
2022-01-06,0.0022621205412254267
2022-01-07,0.004880003019769949
2022-01-10,-0.0010412021364400368
2022-01-11,0.01527960817549507
2022-01-12,0.003916546748962869
2022-01-13,-0.01772448170144594
2022-01-14,-0.005842606468036947
2022-01-18,-0.017462763030381002
2022-01-19,-0.008546263309003644
2022-01-20,-0.005624460909932303
2022-01-21,-0.016060731486145015
2022-01-24,0.0009824288726076858
2022-01-25,0.00035467433750524004
2022-01-26,0.006694638190423164
2022-01-27,0.0006177739292194625
2022-01-28,0.026544844616016482
2022-01-31,0.014262565221428509
2022-02-01,0.017754567321192422
2022-02-02,0.0028720032468817908
2022-02-03,-0.019156235284796395
2022-02-04,0.015218594403543936
2022-02-07,-0.0013461919557716867
2022-02-08,0.005667376562660634
2022-02-09,0.007304984138386768
2022-02-10,-0.01662284199458949
2022-02-11,-0.008308510590263413
2022-02-14,-0.005875318162321551
2022-02-15,0.010791274107289027
2022-02-16,0.0009638384647588832
2022-02-17,-0.019013047338209448
2022-02-18,-0.0063956718660028635
2022-02-22,-0.008045372234128274
2022-02-23,-0.017388536433023936
2022-02-24,0.006355135127321033
2022-02-25,0.018003454800150597
2022-02-28,-0.0071414454032816144
2022-03-01,-0.01339302749287408
2022-03-02,0.018887205168827408
2022-03-03,-0.0042825308144272935
2022-03-04,-0.0077145417020529124
2022-03-07,-0.016623764648157773
2022-03-08,-0.0055743077639132475
2022-03-09,0.014997717157617725
2022-03-10,-0.004760228804026026
2022-03-11,-0.017916557353175763
2022-03-14,-0.016635014367931755
2022-03-15,0.006562658517259604
2022-03-16,0.023364152907139026
2022-03-17,0.012028098775700451
2022-03-18,0.00847684516691716
2022-03-21,0.011235541080082288
2022-03-22,0.013372235763380655
2022-03-23,-0.00285471551694945
2022-03-24,0.011798084220701366
2022-03-25,0.00816058705682017
2022-03-28,-0.002000353178711174
2022-03-29,0.007717545952612101
2022-03-30,0.0002077937639121414
2022-03-31,-0.020142309501423157
2022-04-01,0.00020850487170754532
2022-04-04,0.01152514429878735
2022-04-05,-0.012270964279986831
2022-04-06,-0.014707005790723707
2022-04-07,0.005394527285471875
2022-04-08,0.003070572672375794
2022-04-11,-0.02619816140571094
2022-04-12,0.002448692445097693
2022-04-13,0.004250619205706884
2022-04-14,-0.013884306443384599
2022-04-18,0.006919882512532836
2022-04-19,0.010611505605315768
2022-04-20,0.0021177707156073674
2022-04-21,-0.010709530181863255
2022-04-22,-0.025968244601007096
2022-04-25,-0.0009437585439253122
2022-04-26,-0.026456665079738984
2022-04-27,0.015146430355383392
2022-04-28,0.028008122687977578
2022-04-29,-0.03385489800446897
2022-05-02,0.012326353310130194
2022-05-03,0.010414725537143829
2022-05-04,0.03511239801629647
2022-05-05,-0.03561800095228597
2022-05-06,0.002193516156810559
2022-05-09,-0.04217018167817206
2022-05-10,0.004085681214231421
2022-05-11,-0.018182555298903353
2022-05-12,-0.01093488408307411
2022-05-13,0.022962627168465602
2022-05-16,0.001744664612541076
2022-05-17,0.022632071803974002
2022-05-18,-0.03447584298298606
2022-05-19,-0.009549739472259414
2022-05-20,-0.00022796656451334147
2022-05-23,0.03818900373364753
2022-05-24,-0.0009797033398083145
2022-05-25,0.009778693781271715
2022-05-26,0.014098511024588013
2022-05-27,0.02275001063402472
2022-05-31,-0.004881917261582254
2022-06-01,0.0006079956388848791
2022-06-02,0.00969735601001359
2022-06-03,-0.01391702497583208
2022-06-06,-0.0013338455257470535
2022-06-07,0.019679961931252377
2022-06-08,-0.004266245094656448
2022-06-09,-0.025176236383157115
2022-06-10,-0.03762018146158273
2022-06-13,-0.039895434919969844
2022-06-14,0.00040983818301538544
2022-06-15,0.012077200557555498
2022-06-16,-0.030671649259406818
2022-06-17,-0.010144803575053134
2022-06-21,0.03534449211658599
2022-06-22,-0.013061020273768119
2022-06-23,0.0005256431611348278
2022-06-24,0.026712244301161293
2022-06-27,0.0014046750918792084
2022-06-28,-0.009991022147080895
2022-06-29,-0.003642326209659837
2022-06-30,-0.02090322995917235
2022-07-01,0.015362371107436382
2022-07-05,-0.0010837553710405807
2022-07-06,-0.0006112107584392533
2022-07-07,0.022082032929678683
2022-07-08,0.00010691588418621894
2022-07-11,-0.011258645178279644
2022-07-12,-0.011865193798532167
2022-07-13,-0.002926039146132594
2022-07-14,-0.007540629207491541
2022-07-15,0.02080873143656881
2022-07-18,-0.005641407728387913
2022-07-19,0.024073211349627206
2022-07-20,0.008669036328819442
2022-07-21,0.0036705647756567284
2022-07-22,-0.009434219021601919
2022-07-25,0.005860056513409571
2022-07-26,-0.01391183493440125
2022-07-27,0.033926659426986625
2022-07-28,0.009896349318197549
2022-07-29,0.024464365721223524
2022-08-01,-0.012890893776107935
2022-08-02,-0.01023224247724485
2022-08-03,0.010617859862536154
2022-08-04,-0.012953140241176032
2022-08-05,0.010039171348348783
2022-08-08,-0.004680601491204218
2022-08-09,0.008644519856824774
2022-08-10,0.02126723343917767
2022-08-11,0.007830314824459336
2022-08-12,0.015793874062106875
2022-08-15,-0.0009229782081968964
2022-08-16,-0.0008419103605779464
2022-08-17,0.0014292135556625834
2022-08-18,0.0023350750611747747
2022-08-19,-0.014352068780288232
2022-08-22,-0.017624445958589276
2022-08-23,0.0062254698671683276
2022-08-24,0.001939951077875232
2022-08-25,0.013619388419903181
2022-08-26,-0.03086112712066049
2022-08-29,-0.001056390108909784
2022-08-30,-0.015650852457174055
2022-08-31,-0.007469445888860086
2022-09-01,-0.0026818718990316397
2022-09-02,-0.004841278450643602
2022-09-06,-0.006434318825579274
2022-09-07,0.009596912030256916
2022-09-08,0.005793761636952785
2022-09-09,0.015697437040693714
2022-09-12,0.01730780138093478
2022-09-13,-0.044005259392688324
2022-09-14,0.008087397841700435
2022-09-15,-0.01528889884318254
2022-09-16,-0.009396900922309763
2022-09-19,0.008237112175158396
2022-09-20,-0.005265258817859646
2022-09-21,-0.020131583720747456
2022-09-22,-0.0033917146047000076
2022-09-23,-0.02537367143143998
2022-09-26,-0.010586068365289084
2022-09-27,0.0035137686605113284
2022-09-28,0.01563636791779722
2022-09-29,-0.021101216680441973
2022-09-30,-0.020347058991778442
2022-10-03,0.03632312866806563
2022-10-04,0.035018036776992646
2022-10-05,0.007632135769930988
2022-10-06,-0.0019322328643726749
2022-10-07,-0.029980167272379538
2022-10-10,-0.012620236422110444
2022-10-11,-0.016254839962733553
2022-10-12,0.004330658041388639
2022-10-13,0.039608426297294594
2022-10-14,-0.016868884502143106
2022-10-17,0.030664554155327765
2022-10-18,0.010155860186003113
2022-10-19,0.00042243053267020363
2022-10-20,-0.0016470450037624504
2022-10-21,0.030315007792778854
2022-10-24,0.010963375590174997
2022-10-25,0.007171054076449221
2022-10-26,-0.019215439175856917
2022-10-27,-0.010783234179197757
2022-10-28,0.03823577749368981
2022-10-31,-0.008027008411781122
2022-11-01,-0.0017886886797336796
2022-11-02,-0.02601107462932644
2022-11-03,-0.013739282094686672
2022-11-04,0.01716400420814711
2022-11-07,0.012445707766322221
2022-11-08,0.0030793293423060706
2022-11-09,-0.027962477663106396
2022-11-10,0.054803893087041866
2022-11-11,0.017077959202276297
2022-11-14,-0.009924986799620948
2022-11-15,0.003237120408229781
2022-11-16,-0.003984555049461914
2022-11-17,0.002410516260518566
2022-11-18,0.0007310633621852073
2022-11-21,-0.008589174058916089
2022-11-22,0.01753831385401783
2022-11-23,0.005466141299001773
2022-11-25,-0.005443926136230268
2022-11-28,-0.024541432449921304
2022-11-29,-0.0010916260641427441
2022-11-30,0.031563585548191685
2022-12-01,-0.004719087174636769
2022-12-02,-0.004640335769580258
2022-12-05,-0.020829606473419707
2022-12-06,-0.018181700554474257
2022-12-07,-0.0049613926444690756
2022-12-08,0.010555883317030541
2022-12-09,-0.0063431173703543085
2022-12-12,0.021114699665148277
2022-12-13,0.00849488112117353
2022-12-14,-0.00672351555767859
2022-12-15,-0.02879422303890387
2022-12-16,-0.011368908652330166
2022-12-19,-0.0057750492687448
2022-12-20,0.006062855150612959
2022-12-21,0.014573241052162952
2022-12-22,-0.020428806524125816
2022-12-23,0.007574429347491873
2022-12-27,-0.001030304037824419
2022-12-28,-0.013146400433061999
2022-12-29,0.017110936444373757
2022-12-30,0.0035307589358253193
2023-01-03,-0.016627712177694744
2023-01-04,-0.005569821050237981
2023-01-05,-0.004710279539729821
2023-01-06,0.019704697267964307
2023-01-09,-0.0022961815898512273
2023-01-10,0.008943507369340008
2023-01-11,0.017411504508830958
2023-01-12,0.0066066700380394364
2023-01-13,0.009346323376750341
2023-01-17,-0.0010327312819158815
2023-01-18,-0.018928798981955673
2023-01-19,-0.005791195277510748
2023-01-20,0.018668821358971438
2023-01-23,0.010967255219342786
2023-01-24,0.006403063588560177
2023-01-25,-0.002773881585229447
2023-01-26,0.0226282503109883
2023-01-27,-0.0004409862629378442
2023-01-30,-0.017224166663393284
2023-01-31,0.01426711582610365
2023-02-01,0.0034883256182544112
2023-02-02,0.011438867756416823
2023-02-03,0.0056155831713404665
2023-02-06,-0.005014858440549953
2023-02-07,0.025123016994939327
2023-02-08,-0.009178164842822448
2023-02-09,-0.0076456337750450696
2023-02-10,0.011542870482453041
2023-02-13,0.014072385581716739
2023-02-14,-0.0021202951224112503
2023-02-15,0.0017382222289757606
2023-02-16,-0.013566495330550371
2023-02-17,-0.014888321950872967
2023-02-21,-0.016914570160959555
2023-02-22,-0.0056101241732055985
2023-02-23,0.008326242383640891
2023-02-24,-0.007780861755020717
2023-02-27,0.004715240364002648
2023-02-28,-0.0009716387897335932
2023-03-01,-0.005944358904820757
2023-03-02,0.004433793477375691
2023-03-03,0.02044205560213003
2023-03-06,0.006875326891076096
2023-03-07,-0.018654279793125155
2023-03-08,-0.0035186328999532034
2023-03-09,-0.020974296736178826
2023-03-10,-0.0040598181730686555
2023-03-13,0.0011753469905101776
2023-03-14,0.017446652014759482
2023-03-15,-0.01978315793337438
2023-03-16,0.01791555467799443
2023-03-17,-0.011051224496452756
2023-03-20,0.006395668980072644
2023-03-21,0.02196139823403948
2023-03-22,-0.015977406539295965
2023-03-23,0.00311292521432246
2023-03-24,0.0011310462948967265
2023-03-27,0.005632648527645974
2023-03-28,0.0018179850428178637
2023-03-29,0.01441156306623986
2023-03-30,0.0060525366572210405
2023-03-31,0.010992321062594068
2023-04-03,0.015031969014334982
2023-04-04,-0.006622974826410983
2023-04-05,-0.0007051350638626616
2023-04-06,0.003218478273561737
2023-04-10,-0.006215551078080568
2023-04-11,-0.004647177686641168
2023-04-12,-0.0008069436745316443
2023-04-13,0.01604198280466171
2023-04-14,0.015061702324130573
2023-04-17,0.0013926360262618443
2023-04-18,0.009123277282662292
2023-04-19,0.0006946416466193907
2023-04-20,-0.00623159601391804
2023-04-21,-0.002444493369147553
2023-04-24,0.0019671489511531737
2023-04-25,-0.017143359495829427
2023-04-26,0.010690675923977221
2023-04-27,0.02119405070595466
2023-04-28,0.009235066316173235
2023-05-01,-0.004099009132198524
2023-05-02,-0.015912576173560896
2023-05-03,-0.01277429731373202
2023-05-04,-0.009522529132203979
2023-05-05,0.026702260729931364
2023-05-08,-0.00012574341653506771
2023-05-09,-0.004983361518483542
2023-05-10,0.0037794675842773894
2023-05-11,-0.006848895212257286
2023-05-12,-0.0059116362774399075
2023-05-15,0.002244927906678147
2023-05-16,-0.005994971105854608
2023-05-17,0.016368635130842923
2023-05-18,0.01111086734085118
2023-05-19,0.000597075748820162
2023-05-22,-0.0042813709958293075
2023-05-23,-0.007707787389345336
2023-05-24,-0.0002308262603240561
2023-05-25,0.007185292434660189
2023-05-26,0.009482886373286507
2023-05-30,0.00010867866509281553
2023-05-31,-0.009921228785622753
2023-06-01,0.013435317976634954
2023-06-02,0.014237608613412124
2023-06-05,-0.005079512613985844
2023-06-06,0.00027946966000717615
2023-06-07,-0.001831309509005982
2023-06-08,0.004572445441485482
2023-06-09,0.0003540474819895608
2023-06-12,0.005434621970544331
2023-06-13,0.0030267152276460107
2023-06-14,-0.0008173446787838978
2023-06-15,0.015174384991686466
2023-06-16,-0.007151969060666284
2023-06-20,-0.01009857816332504
2023-06-21,-0.0023509403418344324
2023-06-22,0.0024292899368897943
2023-06-23,-0.007402354837608098
2023-06-26,-0.0015489860856569403
2023-06-27,0.008878395667632268
2023-06-28,0.0034578444915574465
2023-06-29,0.011498984103236843
2023-06-30,0.014537647946744019
2023-07-03,-0.001340789959634363
2023-07-05,-0.0043076107428485656
2023-07-06,-0.009070361351344959
2023-07-07,-0.0019146214602300971
2023-07-10,-0.001677317630014971
2023-07-11,0.006695803274570174
2023-07-12,0.008226650579873035
2023-07-13,0.0016196868160588502
2023-07-14,-0.005182003211627179
2023-07-17,0.011685842370098336
2023-07-18,0.008740771392219881
2023-07-19,0.0013620211139222292
2023-07-20,-0.0009595008409560421
2023-07-21,-0.004560389659419601
2023-07-24,0.01079040304051176
2023-07-25,0.003847104509115437
2023-07-26,-0.008362914574451378
2023-07-27,-0.008912859873445974
2023-07-28,0.0074873979704980845
2023-07-31,0.007926146225320691
2023-08-01,-0.003445974133619468
2023-08-02,-0.016547016139449634
2023-08-03,0.003352438969711822
2023-08-04,-0.011276212348199486
2023-08-07,-0.001909940499283855
2023-08-08,-0.0019437507691020062
2023-08-09,-0.004358517721981667
2023-08-10,0.001134080465856399
2023-08-11,0.0038905995887827585
2023-08-14,0.005404624041637111
2023-08-15,-0.01745236584135848
2023-08-16,-0.00715621953040177
2023-08-17,-0.004241004157437298
2023-08-18,0.004712503883710876
2023-08-21,0.003970723699579876
2023-08-22,-0.004227379831809019
2023-08-23,0.00840154642991795
2023-08-24,-0.014174119309414859
2023-08-25,0.009602883612903533
2023-08-28,0.005716833031119965
2023-08-29,0.012514417969986948
2023-08-30,0.0064507084050363095
2023-08-31,-0.0029006573732983485
2023-09-01,0.008812895773121604
2023-09-05,0.0012569752712706522
2023-09-06,-0.007879898173519218
2023-09-07,-0.01303529465783713
2023-09-08,0.007960688901043612
2023-09-11,0.002317282287079254
2023-09-12,0.00151198412517613
2023-09-13,-0.0018941982267249293
2023-09-14,0.013371739279127827
2023-09-15,-0.01198655992857317
2023-09-18,0.0058391470294326
2023-09-19,0.0002503769269840279
2023-09-20,-0.014165232468677586
2023-09-21,-0.008711156539005407
2023-09-22,-0.002761755825234458
2023-09-25,0.0062782245037489165
2023-09-26,-0.0124285250224452
2023-09-27,0.007757319992612582
2023-09-28,0.0026215427853407995
2023-09-29,-0.0059415726491607096
2023-10-02,0.0020813751888450116
2023-10-03,-0.009988486575475351
2023-10-04,-0.0021813686177689067
2023-10-05,-0.002533803469478314
2023-10-06,0.009379292401425727
2023-10-09,0.012080955234019254
2023-10-10,-0.0014723032045536489
2023-10-11,-0.003253598767336824
2023-10-12,-0.0003165505521651747
2023-10-13,0.00639631754187886
2023-10-16,0.0034643191297293817
2023-10-17,6.910096111434208e-05
2023-10-18,-0.0026114767394752243
2023-10-19,-0.0005358947877934968
2023-10-20,-0.015624605967242272
2023-10-23,-0.004936085618749265
2023-10-24,-0.000579938520640868
2023-10-25,0.003251886994048903
2023-10-26,-0.017436831519502004
2023-10-27,-0.01053564801456985
2023-10-30,0.012626569741675796
2023-10-31,0.0041909890077651436
2023-11-01,0.009746474326697474
2023-11-02,0.01924352253229724
2023-11-03,0.0016077396282299836
2023-11-06,0.0036651240616038406
2023-11-07,0.002303464414680936
2023-11-08,0.0014514843387410845
2023-11-09,-0.003061824985693245
2023-11-10,0.017478177751457793
2023-11-13,-0.0026849849185763748
2023-11-14,0.011463207729265346
2023-11-15,0.0015255765049327129
2023-11-16,0.006535856634718393
2023-11-17,0.004015767971438619
2023-11-20,0.0070569821300800455
2023-11-21,-0.004589459926719666
2023-11-22,0.0035682937316579818
2023-11-24,-0.0003508152768073201
2023-11-27,-0.0014897284749749527
2023-11-28,0.003914623178490672
2023-11-29,-0.006399144433573905
2023-11-30,0.004614489686390922
2023-12-01,0.000593981193138919
2023-12-04,-0.0055247558901268465
2023-12-05,0.0025534322035950787
2023-12-06,-0.009908458127230383
2023-12-07,0.0029952330543421574
2023-12-08,0.009644395269150365
2023-12-11,-0.004129126124142137
2023-12-12,0.0022875754731910957
2023-12-13,0.007179774015077196
2023-12-14,0.005629668201054145
2023-12-15,0.002779685800583073
2023-12-18,0.002516374916854222
2023-12-19,0.008336072552701872
2023-12-20,-0.011513721002161968
2023-12-21,0.0043243548309554215
2023-12-22,-0.00040304028088638876
2023-12-26,0.0013799052793489926
2023-12-27,5.2850993806453266e-05
2023-12-28,-0.0009533585916775291
2023-12-29,-0.0016722454798525875
